username,password
1425367485643524,      123
123435243442342, 123
123435678,           123
1231,                123
1423253,          asd
asdfsgdhfgjmh,        
3245346,        123
awsfgdf,                 123
123,              123
asd,                   asd
13425364576,            123
q436754635,    123
123123124,               123
342354632,   123
1234253436541,       123
123243t541232r2,  123
asdfsgdh,                  123456
GriRet,                    123456
1231455,             123
132453424,     `12
